# q/kF, wc(q)/wp(0), Re eps(wc(q))
1.000000000000000021e-02,9.999883092320838163e-01,-3.113516842856434153e-05
1.149574787393696854e-02,9.999918313898634725e-01,6.445357468742862750e-06
1.299149574787393686e-02,9.999853338564863581e-01,4.728731820891064211e-06
1.448724362181090519e-02,9.999831130402790924e-01,4.478235899552098249e-06
1.598299149574787525e-02,9.999785767201366804e-01,-1.022095765579323013e-06
1.747873936968484185e-02,9.999745291801220848e-01,-1.654011739127269540e-06
1.897448724362181191e-02,9.999697851769516754e-01,1.013154196538579299e-06
2.047023511755877850e-02,9.999651939323040972e-01,-1.907444111548528289e-07
2.196598299149574857e-02,9.999597840474481192e-01,-3.700398913952796494e-07
2.346173086543271863e-02,9.999541053791599632e-01,-2.183103666730800192e-07
2.495747873936968522e-02,9.999481090571885611e-01,3.581521926809825917e-07
2.645322661330665182e-02,9.999416545730583916e-01,9.298562775317265050e-08
2.794897448724362188e-02,9.999349679783767764e-01,2.765901607748590716e-08
2.944472236118059194e-02,9.999277377071228434e-01,-3.034603013318814439e-08
3.094047023511756200e-02,9.999202081381453056e-01,-4.523089458530193290e-08
3.243621810905452513e-02,9.999123304050142602e-01,1.119950021610806579e-09
3.393196598299149519e-02,9.999040678613009270e-01,-6.471161606569352029e-08
3.542771385692846525e-02,9.998954144073579631e-01,-4.469233205739439901e-09
3.692346173086543532e-02,9.998864189250734613e-01,1.219613066094638209e-08
3.841920960480240538e-02,9.998770203342494112e-01,-2.344366212270189036e-08
3.991495747873936850e-02,9.998672675170828805e-01,9.277089652037768286e-09
4.141070535267633856e-02,9.998571482661874343e-01,3.912076906864571315e-08
4.290645322661330863e-02,9.998466320487938708e-01,-2.341347893342060285e-08
4.440220110055027869e-02,9.998357616380894042e-01,-2.439072166460220408e-08
4.589794897448724875e-02,9.998245126110164582e-01,-7.645659660937485539e-10
4.739369684842421881e-02,9.998128971973195833e-01,-5.264856772768670951e-09
4.888944472236118194e-02,9.998009093011550608e-01,-2.420272204872727672e-09
5.038519259629815200e-02,9.997885550441942826e-01,2.063750170755441890e-09
5.188094047023512206e-02,9.997758222232200342e-01,1.062763210768479521e-08
5.337668834417209213e-02,9.997627169608130915e-01,7.256785949927299584e-09
5.487243621810905525e-02,9.997492392714845133e-01,-4.815452481210527786e-09
5.636818409204602531e-02,9.997353952782553899e-01,9.298158021309174148e-09
5.786393196598299538e-02,9.997211788882049976e-01,5.289565452315535956e-09
5.935967983991996544e-02,9.997065901170865132e-01,1.723100329087399131e-09
6.085542771385693550e-02,9.996916289810695577e-01,1.523509429723897026e-09
6.235117558779389862e-02,9.996762954967399750e-01,-4.733764935593864560e-09
6.384692346173086175e-02,9.996605957887458871e-01,-1.225090029421952007e-09
6.534267133566783181e-02,9.996445237666639061e-01,-3.917269175701649134e-09
6.683841920960480187e-02,9.996280855557740930e-01,5.854425721985027065e-09
6.833416708354177194e-02,9.996112689593096290e-01,-2.514044528112424561e-09
6.982991495747874200e-02,9.995940862107332014e-01,-1.264619298169172309e-09
7.132566283141571206e-02,9.995765312216572385e-01,-5.352494891752734154e-09
7.282141070535266825e-02,9.995586101186031414e-01,-9.822120894400721810e-11
7.431715857928963831e-02,9.995403168142109607e-01,-1.317626008301888560e-10
7.581290645322660837e-02,9.995216513287894511e-01,-3.278135096707014768e-09
7.730865432716357843e-02,9.995026197897651787e-01,-2.051073089148779393e-09
7.880440220110054850e-02,9.994832161113407221e-01,-2.992284198200101335e-09
8.030015007503751856e-02,9.994634464215326197e-01,2.128815457247484275e-09
8.179589794897448862e-02,9.994433046355939432e-01,4.010330956206107564e-10
8.329164582291145869e-02,9.994227907758972407e-01,-5.334669817003090487e-09
8.478739369684842875e-02,9.994019109713304649e-01,-5.551213932974909821e-09
8.628314157078538493e-02,9.993806652447125849e-01,5.177220874229727247e-10
8.777888944472235500e-02,9.993590475134238593e-01,8.028466780269255628e-11
8.927463731865932506e-02,9.993370639071943451e-01,5.073998554649936264e-09
9.077038519259629512e-02,9.993147083444815504e-01,2.948035482397364436e-09
9.226613306653326518e-02,9.992919808501306012e-01,-6.111822381527149478e-09
9.376188094047023525e-02,9.992688936600011562e-01,1.945205330144985971e-09
9.525762881440720531e-02,9.992454345886013778e-01,2.620752392878906344e-09
9.675337668834417537e-02,9.992216036620085173e-01,-5.164974670179729101e-09
9.824912456228114543e-02,9.991974131164550466e-01,3.453359154193143436e-09
9.974487243621810162e-02,9.991728507685133653e-01,3.273660453828654459e-09
1.012406203101550717e-01,9.991479166454927396e-01,-5.421769699865109063e-09
1.027363681840920417e-01,9.991226229839562656e-01,1.430782492484112739e-09
1.042321160580290118e-01,9.990969576025814369e-01,-1.212755451617852218e-09
1.057278639319659819e-01,9.990709266340170869e-01,-1.198364740773428769e-09
1.072236118059029519e-01,9.990445301067388817e-01,7.349797437325658248e-10
1.087193596798399220e-01,9.990177680496236112e-01,4.865442271296035768e-09
1.102151075537768921e-01,9.989906343883264705e-01,-1.435494834112101335e-09
1.117108554277138621e-01,9.989631413599427967e-01,5.861587881739211228e-09
1.132066033016508183e-01,9.989352767874731809e-01,2.176384739094230929e-09
1.147023511755877884e-01,9.989070468050319507e-01,-1.170680441475712578e-09
1.161980990495247584e-01,9.988784514435099515e-01,-3.830407546700807761e-09
1.176938469234617285e-01,9.988494968369691085e-01,5.592075691396434749e-09
1.191895947973986986e-01,9.988201708113764177e-01,2.699944712247435845e-09
1.206853426713356686e-01,9.987904795017741311e-01,-7.936851176284183332e-10
1.221810905452726387e-01,9.987604229406544798e-01,-5.133576674864597300e-09
1.236768384192096087e-01,9.987300072629643477e-01,1.490252254931948382e-09
1.251725862931465927e-01,9.986992202977051925e-01,-5.825131932369033941e-09
1.266683341670835350e-01,9.986680742824882717e-01,-2.852768243855288948e-09
1.281640820410205051e-01,9.986365631493481221e-01,-2.247468877669301443e-09
1.296598299149574751e-01,9.986046869327737108e-01,-4.227193262096216090e-09
1.311555777888944452e-01,9.985724517687557533e-01,2.837421964052007462e-09
1.326513256628314152e-01,9.985398454901843746e-01,-5.686296766782953546e-09
1.341470735367683853e-01,9.985068803347513233e-01,-5.724217988501050139e-09
1.356428214107053554e-01,9.984735563379404377e-01,2.124804554526654237e-09
1.371385692846423254e-01,9.984398674353238690e-01,5.354190091289121159e-09
1.386343171585792955e-01,9.984058136637791181e-01,3.778896751072805741e-09
1.401300650325162656e-01,9.983713950605834775e-01,-3.266635406618363882e-09
1.416258129064532356e-01,9.983366177630899063e-01,-3.816264637635173557e-09
1.431215607803902057e-01,9.983014818087355691e-01,1.749361988600911902e-09
1.446173086543271757e-01,9.982659811360971025e-01,4.910155615432356074e-10
1.461130565282641458e-01,9.982301218830692546e-01,4.627936478486003136e-09
1.476088044022011159e-01,9.981938979894435793e-01,1.339515498521518626e-09
1.491045522761380859e-01,9.981573155934666541e-01,2.379221375470230676e-09
1.506003001500750560e-01,9.981203686361542760e-01,-4.971817846310872529e-09
1.520960480240120261e-01,9.980830693542380727e-01,3.638770396108349270e-09
1.535917958979489961e-01,9.980454055913668965e-01,2.941939691857142837e-09
1.550875437718859662e-01,9.980073834864582327e-01,4.899786687496006032e-09
1.565832916458229362e-01,9.979689969829944607e-01,-3.179760010851048114e-09
1.580790395197599063e-01,9.979302583174352037e-01,2.708643642713022902e-09
1.595747873936968764e-01,9.978911553368194909e-01,-2.479358940378535054e-09
1.610705352676338187e-01,9.978517002774405231e-01,5.449688811330816869e-09
1.625662831415707887e-01,9.978118809880565099e-01,1.476881617002062283e-09
1.640620310155077588e-01,9.977717036085183011e-01,-2.684191535706736835e-09
1.655577788894447289e-01,9.977311742780925474e-01,4.809345921507135654e-09
1.670535267633816989e-01,9.976902808481472595e-01,-1.075854960675710329e-09
1.685492746373186690e-01,9.976490355544811450e-01,3.679179183534233158e-09
1.700450225112556391e-01,9.976074262502230283e-01,-5.886734655292104517e-09
1.715407703851926091e-01,9.975654651709431331e-01,-5.825001592186981887e-09
1.730365182591295792e-01,9.975231523610509354e-01,3.412960469794066350e-09
1.745322661330665492e-01,9.974804756763435698e-01,-3.230862688496792732e-09
1.760280140070035193e-01,9.974374473520077888e-01,-1.721017550694334747e-09
1.775237618809404894e-01,9.973940613396131694e-01,-4.929234354023219647e-09
1.790195097548774594e-01,9.973503237795722232e-01,-1.001347227357866347e-09
1.805152576288144295e-01,9.973062286247368347e-01,-2.788486774817743532e-09
1.820110055027513996e-01,9.972617820157457791e-01,1.442447605804638803e-09
1.835067533766883696e-01,9.972169779067414641e-01,-1.138974026203425460e-09
1.850025012506253397e-01,9.971718224385796026e-01,1.228078638780816327e-09
1.864982491245623097e-01,9.971263095667017851e-01,-4.265328978901790144e-09
1.879939969984992520e-01,9.970804454321714472e-01,-5.971252159399805335e-09
1.894897448724362221e-01,9.970342300835265403e-01,-4.414689946940784761e-09
1.909854927463731922e-01,9.969876635696748313e-01,-1.826916395928677590e-10
1.924812406203101622e-01,9.969407428942843596e-01,6.410061370523284063e-11
1.939769884942471323e-01,9.968934681074372861e-01,-4.288690513833032537e-09
1.954727363681841024e-01,9.968458483955603411e-01,4.561446220740137136e-09
1.969684842421210724e-01,9.967978716274671358e-01,1.526962001287001511e-09
1.984642321160580425e-01,9.967495439448631478e-01,-1.723913678474621410e-09
1.999599799899950126e-01,9.967008653988883582e-01,-5.826019666702522746e-09
2.014557278639319826e-01,9.966518421305214925e-01,9.051174254522888958e-10
2.029514757378689527e-01,9.966024681015734910e-01,5.606996755779839302e-09
2.044472236118059227e-01,9.965527372754212632e-01,-4.629507444063659013e-09
2.059429714857428928e-01,9.965026618827206306e-01,-5.871494623831524029e-09
2.074387193596798629e-01,9.964522419755431626e-01,1.246208802818548879e-09
2.089344672336168329e-01,9.964014715183675541e-01,3.805640580444024970e-09
2.104302151075538030e-01,9.963503505649123904e-01,1.194409682271797409e-09
2.119259629814907731e-01,9.962988852565934916e-01,5.019511584157379749e-09
2.134217108554277431e-01,9.962470695599109360e-01,2.377396612905549320e-09
2.149174587293647132e-01,9.961949096163823514e-01,4.871865022515088349e-09
2.164132066033016555e-01,9.961423993938628429e-01,-4.297524558457177472e-10
2.179089544772386255e-01,9.960895450339638524e-01,-1.912550340318628568e-09
2.194047023511755956e-01,9.960363465916378667e-01,-2.713589353252657114e-10
2.209004502251125657e-01,9.959828041221939765e-01,3.842288709423499592e-09
2.223961980990495357e-01,9.959289115962164374e-01,-2.546556743254160271e-09
2.238919459729865058e-01,9.958746812402220483e-01,4.435181777398806539e-09
2.253876938469234759e-01,9.958201009407571247e-01,-4.714582058119566740e-10
2.268834417208604459e-01,9.957651768396463821e-01,-5.687803339428735559e-09
2.283791895947974160e-01,9.957099150777389829e-01,3.563570549736680596e-10
2.298749374687343860e-01,9.956543096280586758e-01,4.669491460158902701e-09
2.313706853426713561e-01,9.955983544653330686e-01,-5.740380837334202442e-09
2.328664332166083262e-01,9.955420678969465476e-01,5.231204913692574417e-09
2.343621810905452962e-01,9.954854317321856216e-01,1.583511099889780661e-11
2.358579289644822663e-01,9.954284581950391120e-01,2.431197021481451114e-09
2.373536768384192364e-01,9.953711412619912213e-01,-5.287354998258394886e-10
2.388494247123562064e-01,9.953134870739607232e-01,2.650609620685746969e-09
2.403451725862931765e-01,9.952554896088261494e-01,-1.060683541001302910e-09
2.418409204602301465e-01,9.951971550075041639e-01,-1.405664473676191845e-10
2.433366683341670889e-01,9.951384833295562338e-01,4.639843842465039295e-09
2.448324162081040589e-01,9.950794685549642082e-01,2.169646684535825497e-10
2.463281640820410290e-01,9.950201168246219918e-01,-1.891853784745634976e-09
2.478239119559779990e-01,9.949604281991245580e-01,-2.469867421694045584e-09
2.493196598299149691e-01,9.949004027394104943e-01,-2.329414883203564166e-09
2.508154077038519114e-01,9.948400405067593377e-01,-2.248252251045346046e-09
2.523111555777888815e-01,9.947793415627929070e-01,-3.048741037409581797e-09
2.538069034517258515e-01,9.947183059694748586e-01,-5.526026747311660105e-09
2.553026513256628216e-01,9.946569398664670825e-01,1.778186597971264884e-09
2.567983991995997917e-01,9.945952372383080053e-01,5.758043930542810428e-09
2.582941470735367617e-01,9.945331981479811345e-01,5.580380602056595067e-09
2.597898949474737318e-01,9.944708226588102606e-01,4.072885362352165924e-10
2.612856428214107019e-01,9.944081169103047291e-01,1.692970319486605778e-09
2.627813906953476719e-01,9.943450748898594593e-01,-3.718364283156957565e-09
2.642771385692846420e-01,9.942817027368915372e-01,-4.378939211223455727e-09
2.657728864432216120e-01,9.942180005149203748e-01,-1.153832807075380772e-09
2.672686343171585821e-01,9.941539682877932327e-01,5.092118948726772236e-09
2.687643821910955522e-01,9.940896000457786208e-01,1.175183728098544767e-09
2.702601300650325222e-01,9.940249019280779086e-01,-1.486073930578194440e-09
2.717558779389694923e-01,9.939598739995305632e-01,-3.776298385102773490e-09
2.732516258129064624e-01,9.938945223980265586e-01,5.702627259306828415e-09
2.747473736868434324e-01,9.938288350432153972e-01,1.445428221550389144e-09
2.762431215607804025e-01,9.937628180740428752e-01,-5.156345794778146301e-09
2.777388694347173725e-01,9.936964776281786982e-01,-2.712427171761423127e-09
2.792346173086543426e-01,9.936298076997716056e-01,-4.459656866023155703e-09
2.807303651825913127e-01,9.935628144263293215e-01,9.875269491071777054e-10
2.822261130565282827e-01,9.934954918034539784e-01,3.759628164492972475e-10
2.837218609304652528e-01,9.934278459684808826e-01,5.075230680149146650e-09
2.852176088044022229e-01,9.933598709184741082e-01,1.816768291368284694e-09
2.867133566783391929e-01,9.932915727905893277e-01,1.959196804789453326e-09
2.882091045522761630e-01,9.932229516519991419e-01,4.531780062310865213e-09
2.897048524262131330e-01,9.931540015019703072e-01,-3.754669020154191842e-09
2.912006003001501031e-01,9.930847345451687680e-01,7.570016835646723043e-10
2.926963481740870732e-01,9.930151447810707799e-01,4.755409954703539427e-09
2.941920960480240432e-01,9.929452262111582161e-01,-5.069703545862758428e-09
2.956878439219610133e-01,9.928749910385069599e-01,-5.086031151799137703e-09
2.971835917958979834e-01,9.928044393308953497e-01,3.703667261775630129e-09
2.986793396698349534e-01,9.927335590250783159e-01,-4.366966344073923762e-09
3.001750875437719235e-01,9.926623623225004911e-01,-5.676624059711812011e-09
3.016708354177088935e-01,9.925908492918591453e-01,-1.253609216449099969e-09
3.031665832916458636e-01,9.925190139377962906e-01,-4.465749992026266558e-09
3.046623311655828337e-01,9.924468623948510260e-01,-4.032136846656397747e-09
3.061580790395198037e-01,9.923743947326334469e-01,-1.006633887355141924e-09
3.076538269134567738e-01,9.923016110210555185e-01,3.545712723432141385e-09
3.091495747873937439e-01,9.922285052677405348e-01,-3.768851009083939678e-09
3.106453226613307139e-01,9.921550896688346999e-01,6.249695205865994697e-10
3.121410705352676285e-01,9.920813582321171831e-01,3.317164321012282087e-09
3.136368184092045985e-01,9.920073110287073170e-01,3.214274513208853974e-09
3.151325662831415686e-01,9.919329481300258600e-01,-7.886580277552201632e-10
3.166283141570785387e-01,9.918582756681332269e-01,2.535969323413358060e-09
3.181240620310155087e-01,9.917832876537990838e-01,-2.602271731330707996e-10
3.196198099049524788e-01,9.917079902187664331e-01,2.028931800332417106e-09
3.211155577788894488e-01,9.916323773753082937e-01,-4.060488834052064446e-09
3.226113056528264189e-01,9.915564613133435179e-01,5.004866854291799864e-09
3.241070535267633890e-01,9.914802299872240710e-01,3.399644454834538391e-09
3.256028014007003590e-01,9.914036895280270434e-01,2.306330348961973473e-09
3.270985492746373291e-01,9.913268400081527432e-01,5.602347475025022644e-10
3.285942971485742992e-01,9.912496815002903583e-01,-3.011777938150461829e-09
3.300900450225112692e-01,9.911722201335816385e-01,2.757384653945156536e-09
3.315857928964482393e-01,9.910944499241814976e-01,4.330492631169654826e-09
3.330815407703852093e-01,9.910163709456392134e-01,5.085099008505701823e-10
3.345772886443221794e-01,9.909379893265316541e-01,2.436131296683406041e-09
3.360730365182591495e-01,9.908592990852878035e-01,-3.452782948432038050e-09
3.375687843921961195e-01,9.907803063500958407e-01,-6.029226451418352512e-09
3.390645322661330896e-01,9.907010172475002596e-01,5.830995020163139839e-09
3.405602801400700597e-01,9.906214167175402263e-01,9.874323675846163333e-13
3.420560280140070297e-01,9.905415169408541276e-01,-5.743694410549390842e-11
3.435517758879439998e-01,9.904613149648714421e-01,-1.781043756901653033e-09
3.450475237618809699e-01,9.903808169152942265e-01,5.927311863550371573e-09
3.465432716358179399e-01,9.903000107635645533e-01,-2.931713094512560080e-09
3.480390195097549100e-01,9.902189086867911882e-01,-4.917874774067944434e-09
3.495347673836918800e-01,9.901375107586694035e-01,-1.321134313030507629e-09
3.510305152576288501e-01,9.900558110037902537e-01,-5.808858949419643273e-09
3.525262631315658202e-01,9.899738215956181975e-01,5.042345319072626621e-09
3.540220110055027902e-01,9.898915305104061257e-01,5.179068063315288223e-09
3.555177588794397603e-01,9.898089438722857958e-01,5.640952038823708259e-09
3.570135067533767304e-01,9.897260617562813056e-01,5.090748489451042535e-09
3.585092546273137004e-01,9.896428842376835400e-01,2.180752134432050388e-09
3.600050025012506705e-01,9.895594113920451740e-01,-4.444939305524629235e-09
3.615007503751876405e-01,9.894756493410226117e-01,-3.776726487101871315e-09
3.629964982491246106e-01,9.893915981591611120e-01,2.813126287470626443e-09
3.644922461230615807e-01,9.893072518764468581e-01,1.565046536815830044e-09
3.659879939969984952e-01,9.892226166137769727e-01,3.462748199311459516e-09
3.674837418709354653e-01,9.891376864026822924e-01,-5.277058789918939361e-09
3.689794897448724353e-01,9.890524734068066870e-01,-1.302147278889867140e-09
3.704752376188094054e-01,9.889669716576671155e-01,1.583169484436808812e-09
3.719709854927463755e-01,9.888811812313331728e-01,1.949637562502641342e-09
3.734667333666833455e-01,9.887951022041272520e-01,-1.646431213600044588e-09
3.749624812406203156e-01,9.887087406937916656e-01,1.733626353597753846e-09
3.764582291145572857e-01,9.886220907349286824e-01,-1.759850487551285847e-09
3.779539769884942557e-01,9.885351584447227280e-01,-1.206755584360312650e-09
3.794497248624312258e-01,9.884479438989051125e-01,1.914259750693806722e-09
3.809454727363681958e-01,9.883604441539260987e-01,-8.542699886116976913e-11
3.824412206103051659e-01,9.882726653253144367e-01,3.691722927334545482e-09
3.839369684842421360e-01,9.881846044697357723e-01,5.536460179192931150e-09
3.854327163581791060e-01,9.880962616638875318e-01,3.928319114435552033e-09
3.869284642321160761e-01,9.880076369847073936e-01,-2.665432763427328423e-09
3.884242121060530462e-01,9.879187365457325898e-01,-3.383580304777958282e-09
3.899199599799900162e-01,9.878295604227521620e-01,2.258819797415658793e-10
3.914157078539269863e-01,9.877401026565179043e-01,-5.805985914285987029e-09
3.929114557278639563e-01,9.876503753943659536e-01,1.764124513137742909e-09
3.944072036018009264e-01,9.875603666427887894e-01,-3.462808262335037875e-09
3.959029514757378965e-01,9.874700885473968182e-01,1.739828836590178481e-09
3.973986993496748665e-01,9.873795351504078832e-01,3.357873978881877687e-09
3.988944472236118366e-01,9.872887065289944752e-01,-2.242552810214355255e-10
4.003901950975488067e-01,9.871976087925226073e-01,1.782614833464560919e-09
4.018859429714857767e-01,9.871062359855455881e-01,-4.673686770875852025e-09
4.033816908454227468e-01,9.870146002476185565e-01,3.598239262066664631e-09
4.048774387193597168e-01,9.869226895928862042e-01,1.005250327661468348e-10
4.063731865932966869e-01,9.868305101293824988e-01,-4.415959375993208507e-09
4.078689344672336570e-01,9.867380679631163609e-01,7.947049684862056793e-10
4.093646823411706270e-01,9.866453571408548839e-01,1.616588862696556671e-09
4.108604302151075971e-01,9.865523777398763627e-01,-3.654034186308935126e-09
4.123561780890445672e-01,9.864591358651436659e-01,-4.302587619558328022e-09
4.138519259629815372e-01,9.863656315926615514e-01,-2.051369296589866348e-09
4.153476738369185073e-01,9.862718649986461639e-01,1.363574919656521599e-09
4.168434217108554773e-01,9.861778361595199272e-01,4.195437663948947070e-09
4.183391695847924474e-01,9.860835451519169848e-01,4.683545662484057010e-09
4.198349174587294175e-01,9.859889920526788698e-01,1.055644904763417368e-09
4.213306653326663320e-01,9.858941829628794506e-01,3.970037520862670164e-09
4.228264132066033021e-01,9.857991119345955733e-01,-8.098095528071155563e-10
4.243221610805402721e-01,9.857037850681529267e-01,-2.647595254181359505e-09
4.258179089544772422e-01,9.856082024394751118e-01,-3.360952627381783100e-09
4.273136568284142123e-01,9.855123641246835708e-01,-4.779269202690147620e-09
4.288094047023511823e-01,9.854162762212108628e-01,3.706404405660375526e-09
4.303051525762881524e-01,9.853199267627651414e-01,-4.662243480186884103e-09
4.318009004502251225e-01,9.852233338876336122e-01,5.607593833706599189e-09
4.332966483241620925e-01,9.851264796111527389e-01,-4.728041069735969482e-09
4.347923961980990626e-01,9.850293820684663526e-01,-1.907678459010407011e-10
4.362881440720360327e-01,9.849320353151600482e-01,4.860331692633536469e-09
4.377838919459730027e-01,9.848344334093800390e-01,-3.955044292099462879e-09
4.392796398199099728e-01,9.847365884627555799e-01,-3.640531431880651372e-09
4.407753876938469428e-01,9.846385005495860154e-01,3.865506692540644474e-09
4.422711355677839129e-01,9.845401637285777774e-01,4.142912235460489633e-09
4.437668834417208830e-01,9.844415780761931467e-01,-4.779998175058107239e-09
4.452626313156578530e-01,9.843427556982208282e-01,5.997591311388946636e-11
4.467583791895948231e-01,9.842436906539087094e-01,4.200264247510531539e-09
4.482541270635317932e-01,9.841443830184575248e-01,5.633823185804589806e-09
4.497498749374687632e-01,9.840448328672478651e-01,2.340272753338349447e-09
4.512456228114057333e-01,9.839450462879836268e-01,4.766095851230276719e-09
4.527413706853427033e-01,9.838450173430369761e-01,-1.616496270255766397e-09
4.542371185592796734e-01,9.837447581301693722e-01,6.101647853630440343e-09
4.557328664332166435e-01,9.836442567011705052e-01,8.770117964602997807e-10
4.572286143071536135e-01,9.835435251516966293e-01,5.598208341342113256e-09
4.587243621810905836e-01,9.834425575454099899e-01,5.676544345625277140e-09
4.602201100550275537e-01,9.833413539570678985e-01,-1.003986005461093689e-09
4.617158579289645237e-01,9.832399204694453054e-01,-4.077881809983255779e-09
4.632116058029014938e-01,9.831382571557771843e-01,-5.685262705093919973e-09
4.647073536768384638e-01,9.830363700960672579e-01,4.520698371241885844e-09
4.662031015507754339e-01,9.829342473500367605e-01,-6.317386613774890459e-10
4.676988494247124040e-01,9.828319010039933135e-01,1.677300853736736977e-09
4.691945972986493740e-01,9.827293251252033901e-01,-3.254974956292671775e-09
4.706903451725863441e-01,9.826265257918113116e-01,-5.134985325824300397e-09
4.721860930465233142e-01,9.825235060778680918e-01,6.843947641718822490e-11
4.736818409204602842e-01,9.824202600520400841e-01,-2.398258480620467143e-09
4.751775887943971988e-01,9.823167967912171950e-01,3.980250129384827993e-09
4.766733366683341688e-01,9.822131103646799533e-01,4.418216459297937506e-09
4.781690845422711389e-01,9.821092008453430333e-01,-3.373915369277127401e-09
4.796648324162081090e-01,9.820050803069112488e-01,3.346735111245801725e-09
4.811605802901450790e-01,9.819007368194163643e-01,-2.781196606295921475e-09
4.826563281640820491e-01,9.817961824543111060e-01,9.623037922022718123e-10
4.841520760380190191e-01,9.816914112828660777e-01,-2.954219092731865653e-10
4.856478239119559892e-01,9.815864293745822922e-01,3.615011512287371338e-09
4.871435717858929593e-01,9.814812308022865528e-01,-2.217124261986277211e-09
4.886393196598299293e-01,9.813758276309610951e-01,4.887328541847036432e-09
4.901350675337668994e-01,9.812702079372220831e-01,-2.554834788096977936e-09
4.916308154077038695e-01,9.811643837837508153e-01,-1.888829759218935272e-09
4.931265632816408395e-01,9.810583552391038964e-01,4.450139146170614335e-09
4.946223111555778096e-01,9.809521163780662301e-01,1.460896181755472199e-09
4.961180590295147796e-01,9.808456732646472220e-01,-7.829374926477429713e-10
4.976138069034517497e-01,9.807390259677883915e-01,-4.769137751507582617e-09
4.991095547773887198e-01,9.806321805485073151e-01,-4.464724147052090780e-10
5.006053026513256343e-01,9.805251310827451938e-01,-2.889653183352322256e-09
5.021010505252626599e-01,9.804178836304638933e-01,-2.078386129736880695e-09
5.035967983991995744e-01,9.803104382591427690e-01,-5.647244895210465375e-10
5.050925462731366000e-01,9.802027950363813025e-01,-9.183898087381086281e-10
5.065882941470735146e-01,9.800949540298987683e-01,-5.727454510837120570e-09
5.080840420210105401e-01,9.799869212955463205e-01,-5.027506189099239529e-09
5.095797898949474547e-01,9.798786968993004054e-01,-1.436027741242042209e-09
5.110755377688844803e-01,9.797702809072492691e-01,2.410418975418568403e-09
5.125712856428213948e-01,9.796616733855940673e-01,3.857062558116504105e-09
5.140670335167584204e-01,9.795528744006473110e-01,2.295243995386927006e-10
5.155627813906953349e-01,9.794438900035349338e-01,1.418730244344917495e-09
5.170585292646323605e-01,9.793347202587945333e-01,4.720397850438129128e-09
5.185542771385692751e-01,9.792253592477010438e-01,-5.179789930294785101e-09
5.200500250125063006e-01,9.791158190024070729e-01,-5.847748063572560223e-09
5.215457728864432152e-01,9.790060995857599035e-01,-3.912648007418420236e-11
5.230415207603802408e-01,9.788961950793440003e-01,-3.126904735096560233e-09
5.245372686343171553e-01,9.787861115289069325e-01,-5.313383066692387145e-09
5.260330165082541809e-01,9.786758549776088945e-01,3.190408048727900594e-09
5.275287643821910955e-01,9.785654135279845400e-01,-5.656173085405625707e-09
5.290245122561281210e-01,9.784548051813994896e-01,3.111485957859795245e-09
5.305202601300650356e-01,9.783440180412499299e-01,1.409092620454209040e-09
5.320160080040020611e-01,9.782330581483803522e-01,-1.045459052654274865e-09
5.335117558779389757e-01,9.781219315410194515e-01,5.456788687459817973e-09
5.350075037518760013e-01,9.780106323028532334e-01,5.372610911746919675e-09
5.365032516258129158e-01,9.778991604956518424e-01,-4.249696816634022400e-09
5.379989994997499414e-01,9.777875281304722055e-01,-1.129267345999027003e-09
5.394947473736868560e-01,9.776757292912573449e-01,-8.733211933949891847e-10
5.409904952476238815e-01,9.775637700112256301e-01,6.143686448696329868e-09
5.424862431215607961e-01,9.774516443758471951e-01,4.265534703251534183e-09
5.439819909954978217e-01,9.773393584171381487e-01,3.079602572967503486e-09
5.454777388694347362e-01,9.772269121932775082e-01,-4.784526109446750856e-10
5.469734867433717618e-01,9.771143117330118866e-01,3.149379646077045929e-09
5.484692346173086763e-01,9.770015511228093974e-01,-1.784836278535823505e-09
5.499649824912457019e-01,9.768886363901945202e-01,-5.762193389144557457e-09
5.514607303651826165e-01,9.767755735600091027e-01,7.259831622331761269e-10
5.529564782391196420e-01,9.766623567189381960e-01,1.863529664125125117e-09
5.544522261130565566e-01,9.765489859235424452e-01,-5.541135550417622795e-09
5.559479739869935822e-01,9.764354731631518236e-01,6.238075610847721282e-10
5.574437218609304967e-01,9.763218125246544421e-01,4.472331171810564816e-09
5.589394697348674113e-01,9.762080040627375555e-01,2.752173489082008662e-09
5.604352176088044368e-01,9.760940537964214458e-01,4.859577074243657256e-09
5.619309654827413514e-01,9.759799558148690712e-01,-5.172062334058032552e-09
5.634267133566783770e-01,9.758657220987092540e-01,-5.308887552017904107e-09
5.649224612306152915e-01,9.757513526987049435e-01,1.119587422929282650e-09
5.664182091045523171e-01,9.756368417042001751e-01,-1.926460990745699237e-09
5.679139569784892316e-01,9.755221951289451132e-01,-5.146271187367492717e-09
5.694097048524262572e-01,9.754074189839484488e-01,7.485991824510237814e-10
5.709054527263631718e-01,9.752925073587211946e-01,-3.558338066883637184e-10
5.724012006003001973e-01,9.751774662629785206e-01,7.852921644724525484e-10
5.738969484742371119e-01,9.750622957457109052e-01,7.026477180561460595e-10
5.753926963481741375e-01,9.749469928773264460e-01,-1.045152697732182904e-08
5.768884442221110520e-01,9.748315725993765835e-01,-4.430424249685415148e-09
5.783841920960480776e-01,9.747160230450617746e-01,-1.018542983302609047e-08
5.798799399699849921e-01,9.746003561738717513e-01,-5.857797136442629802e-09
5.813756878439220177e-01,9.744845720308066284e-01,4.973632283701961778e-09
5.828714357178589323e-01,9.743686587534370336e-01,-6.742602698429100775e-09
5.843671835917959578e-01,9.742526402032066768e-01,6.246126060878122989e-09
5.858629314657328724e-01,9.741364926117167533e-01,-1.061819832060584979e-08
5.873586793396698980e-01,9.740202398348296597e-01,-1.010955474872481213e-08
5.888544272136068125e-01,9.739038819134958613e-01,4.079510951232052023e-09
5.903501750875438381e-01,9.737874069883240002e-01,2.747478022843656671e-09
5.918459229614807526e-01,9.736708270035544510e-01,7.613183084067774025e-09
5.933416708354177782e-01,9.735541301027147432e-01,-1.059501086853941302e-08
5.948374187093546928e-01,9.734373401233766820e-01,-4.697372268577474198e-09
5.963331665832917183e-01,9.733204452077083291e-01,-4.015190180335978062e-09
5.978289144572286329e-01,9.732034453968654297e-01,-1.240985803029214913e-08
5.993246623311656585e-01,9.730863526238545669e-01,-8.246956673304843881e-09
6.008204102051025730e-01,9.729691669256036457e-01,4.576142020408046730e-09
6.023161580790395986e-01,9.728518764501146165e-01,-3.407025772816299708e-09
6.038119059529765131e-01,9.727344931261900918e-01,-1.062796495283732928e-08
6.053076538269135387e-01,9.726170288769271366e-01,4.482324511656759963e-09
6.068034017008504533e-01,9.724994718504043067e-01,1.236789126676603571e-08
6.082991495747874788e-01,9.723818220836814019e-01,8.982371402102512692e-09
6.097948974487243934e-01,9.722640796138440900e-01,-9.751203622539018471e-09
6.112906453226614190e-01,9.721462682386811105e-01,3.230729794607521500e-09
6.127863931965983335e-01,9.720283642288921611e-01,-7.351030007094958482e-09
6.142821410705352481e-01,9.719103913765512193e-01,5.535888414546825451e-09
6.157778889444722736e-01,9.717923378341726259e-01,1.212777644995998780e-08
6.172736368184091882e-01,9.716742036346294187e-01,8.214602553608836120e-09
6.187693846923462138e-01,9.715559888108151743e-01,-1.044568365090406931e-08
6.202651325662831283e-01,9.714377171390148336e-01,3.139185467196792516e-09
6.217608804402201539e-01,9.713193649030054111e-01,-6.572024702504413036e-09
6.232566283141570684e-01,9.712009558733221137e-01,7.380020372831832264e-09
6.247523761880940940e-01,9.710824663395511980e-01,-1.064397370264988379e-08
6.262481240620310086e-01,9.709639319323716267e-01,1.194746390698342106e-08
6.277438719359680341e-01,9.708453170783879482e-01,-6.233649818554660182e-09
6.292396198099049487e-01,9.707266573996166104e-01,7.386051104029819307e-09
6.307353676838419743e-01,9.706079291929278208e-01,-3.008089111218007391e-09
6.322311155577788888e-01,9.704891562072114342e-01,9.464911410161873060e-09
6.337268634317159144e-01,9.703703147451567812e-01,-1.111187897288985189e-08
6.352226113056528289e-01,9.702514404070682330e-01,7.822745229369616562e-09
6.367183591795898545e-01,9.701325094970999485e-01,1.027359253262427039e-08
6.382141070535267691e-01,9.700135220396219893e-01,-8.391604078000148420e-09
6.397098549274637946e-01,9.698945017646890543e-01,-1.357142842336645608e-09
6.412056028014007092e-01,9.697754368365778532e-01,9.740996893159835077e-10
6.427013506753377348e-01,9.696563272753153662e-01,-6.112361727796206622e-09
6.441970985492746493e-01,9.695371849494085481e-01,-1.599327114962236691e-09
6.456928464232116749e-01,9.694180098745291962e-01,9.751879748020929809e-09
6.471885942971485894e-01,9.692987902207887974e-01,-2.643436580319475546e-09
6.486843421710856150e-01,9.691795496964442647e-01,7.942306256780230831e-09
6.501800900450225296e-01,9.690602764701569116e-01,1.085829426415855674e-08
6.516758379189595551e-01,9.689409705576087495e-01,1.193011911348314767e-09
6.531715857928964697e-01,9.688216438142179809e-01,-1.813309499426134158e-10
6.546673336668334953e-01,9.687022962512968904e-01,1.773982072273560950e-09
6.561630815407704098e-01,9.685829278801605380e-01,2.058808790182826389e-09
6.576588294147074354e-01,9.684635387121228733e-01,-4.366410565851464107e-09
6.591545772886443499e-01,9.683441405923985945e-01,3.278770144146763990e-09
6.606503251625813755e-01,9.682247216954874558e-01,-5.965263394168138023e-09
6.621460730365182901e-01,9.681052938636861560e-01,-1.137966276819653999e-08
6.636418209104553156e-01,9.679858689334557287e-01,7.751892683441117405e-09
6.651375687843922302e-01,9.678664232512326215e-01,-5.549164461228438390e-09
6.666333166583291447e-01,9.677469804815386212e-01,-4.751106619144743619e-09
6.681290645322661703e-01,9.676275406269333468e-01,4.879708303875366163e-09
6.696248124062030849e-01,9.675080918662929408e-01,-7.891081566183316869e-09
6.711205602801401104e-01,9.673886578510021428e-01,3.429331263413716087e-09
6.726163081540770250e-01,9.672692267584763748e-01,7.531531287264462949e-09
6.741120560280140506e-01,9.671497985912738127e-01,-1.020095341382183593e-09
6.756078039019509651e-01,9.670303851697973352e-01,-1.738766242821192935e-09
6.771035517758879907e-01,9.669109864922266206e-01,-1.173405814410505294e-10
6.785992996498249052e-01,9.667916025567409033e-01,-1.692504358746755282e-09
6.800950475237619308e-01,9.666722333615201945e-01,-1.204540445210175051e-08
6.815907953976988454e-01,9.665528907167540984e-01,-1.079552980337051965e-08
6.830865432716358709e-01,9.664335746162486807e-01,-3.583168872409699832e-09
6.845822911455727855e-01,9.663142850538101181e-01,3.905987422561718962e-09
6.860780390195098111e-01,9.661950220232484732e-01,5.940440250651577912e-09
6.875737868934467256e-01,9.660757855183728093e-01,-3.257537572742657563e-09
6.890695347673837512e-01,9.659565873377182754e-01,-3.453939801727698753e-09
6.905652826413206657e-01,9.658374274707289819e-01,-4.885971632607973763e-10
6.920610305152576913e-01,9.657183059068534803e-01,-2.487734464692245579e-10
6.935567783891946059e-01,9.655992226355440966e-01,-8.669438721874277410e-09
6.950525262631316314e-01,9.654801894451567890e-01,-5.632552424191256314e-09
6.965482741370685460e-01,9.653612063207894778e-01,2.862350911333952676e-09
6.980440220110055716e-01,9.652422732475465228e-01,1.076701883248888748e-08
6.995397698849424861e-01,9.651233902105396112e-01,1.198369026276703943e-08
7.010355177588795117e-01,9.650045571948886458e-01,3.647175893122867174e-10
7.025312656328164262e-01,9.648857859773531942e-01,-4.131693876061753135e-09
7.040270135067534518e-01,9.647670765387137415e-01,-7.720903693518954727e-09
7.055227613806903664e-01,9.646484406484931995e-01,9.509190657363093338e-09
7.070185092546273919e-01,9.645298547085838781e-01,-1.110514480430522596e-08
7.085142571285643065e-01,9.644113540616456870e-01,2.635750173777881359e-09
7.100100050025013321e-01,9.642929151110495312e-01,-8.047485122526659231e-09
7.115057528764382466e-01,9.641745614035108769e-01,2.817994948270710720e-09
7.130015007503752722e-01,9.640562811297166412e-01,2.536773236085531613e-09
7.144972486243121867e-01,9.639380860462457568e-01,1.080803913005439073e-08
7.159929964982492123e-01,9.638199643467154631e-01,-5.194810803767743605e-09
7.174887443721861269e-01,9.637019395620104456e-01,4.127203022366290543e-10
7.189844922461231524e-01,9.635839998843486187e-01,-5.293986138895330077e-09
7.204802401200600670e-01,9.634661570602888192e-01,-2.753181239135070526e-09
7.219759879939969816e-01,9.633484110578183213e-01,1.281864503762794711e-09
7.234717358679340071e-01,9.632307618449539310e-01,1.395439065704511651e-12
7.249674837418709217e-01,9.631132211596992176e-01,1.286944772957008371e-08
7.264632316158079473e-01,9.629957771972975644e-01,6.654863659478495794e-09
7.279589794897448618e-01,9.628784416929415668e-01,7.304766786961732487e-10
7.294547273636818874e-01,9.627612146104657098e-01,-1.190826925900665067e-08
7.309504752376188019e-01,9.626441076779614914e-01,-1.194466348003171677e-08
7.324462231115558275e-01,9.625271208550437718e-01,-6.464511370554920468e-09
7.339419709854927421e-01,9.624102541013712653e-01,-2.613673276693158831e-09
7.354377188594297676e-01,9.622935073766486491e-01,-7.598621731477652721e-09
7.369334667333666822e-01,9.621768923991294020e-01,-2.255962083312277977e-09
7.384292146073037078e-01,9.620604091243332157e-01,6.123192397879759660e-09
7.399249624812406223e-01,9.619440575078327393e-01,1.018558126806066551e-08
7.414207103551776479e-01,9.618278375052542462e-01,2.515207042906776045e-09
7.429164582291145624e-01,9.617117608250934646e-01,2.115442154177448364e-09
7.444122061030515880e-01,9.615958274188303179e-01,1.482053257235436775e-09
7.459079539769885026e-01,9.614800372380085669e-01,-6.953579046302560976e-09
7.474037018509255281e-01,9.613644019828004872e-01,-4.302538770063310350e-09
7.488994497248624427e-01,9.612489216006399051e-01,1.775830482229289932e-09
7.503951975987994683e-01,9.611335960390344768e-01,3.556080319918284653e-09
7.518909454727363828e-01,9.610184252455654663e-01,-6.753990477026850898e-09
7.533866933466734084e-01,9.609034209108150426e-01,-1.043734299058278157e-08
7.548824412206103229e-01,9.607885947198194776e-01,1.120983217465136304e-08
7.563781890945473485e-01,9.606739231317407146e-01,-2.935159448452355678e-09
7.578739369684842631e-01,9.605594295719055431e-01,-7.701809855663672417e-09
7.593696848424212886e-01,9.604451139798938497e-01,-1.114285641509294737e-08
7.608654327163582032e-01,9.603309880313025682e-01,5.265112456960084394e-09
7.623611805902952288e-01,9.602170399272016432e-01,6.709760414350273293e-09
7.638569284642321433e-01,9.601032813406048527e-01,1.160008600379790773e-08
7.653526763381691689e-01,9.599897122073233202e-01,1.164053775626661662e-08
7.668484242121060834e-01,9.598763324632810789e-01,-1.537543204306857342e-09
7.683441720860431090e-01,9.597631537734816476e-01,-9.658361000526883072e-09
7.698399199599800236e-01,9.596501877975114336e-01,5.537691194070368706e-09
7.713356678339170491e-01,9.595374227371514797e-01,8.798806905080721560e-09
7.728314157078539637e-01,9.594248585246604177e-01,-8.498978188551522738e-09
7.743271635817909893e-01,9.593125185393281962e-01,-1.501528013613060924e-09
7.758229114557279038e-01,9.592003909833530795e-01,-5.689581473185165909e-09
7.773186593296648184e-01,9.590884875059874082e-01,-3.066563004066481445e-09
7.788144072036018439e-01,9.589768080318151755e-01,-2.476742144803342164e-09
7.803101550775387585e-01,9.588653524855758059e-01,-1.284354711387061975e-08
7.818059029514757841e-01,9.587541442253976198e-01,1.053620568553835196e-08
7.833016508254126986e-01,9.586431597376714464e-01,4.933181864384429614e-09
7.847973986993497242e-01,9.585324106615229489e-01,-1.193422094592785732e-08
7.862931465732866387e-01,9.584219203433729239e-01,4.532402009928623663e-09
7.877888944472236643e-01,9.583116652742281749e-01,-8.689305718995707211e-09
7.892846423211605789e-01,9.582016687954771905e-01,-7.104653754024862568e-09
7.907803901950976044e-01,9.580919308209209229e-01,-7.187295308341551500e-11
7.922761380690345190e-01,9.579824512645689349e-01,2.965661271772000313e-09
7.937718859429715446e-01,9.578732300406407330e-01,-7.521477218689442735e-09
7.952676338169084591e-01,9.577642904725496287e-01,1.284290007721027664e-08
7.967633816908454847e-01,9.576556090606265226e-01,4.270181979710600485e-10
7.982591295647823992e-01,9.575472091234024097e-01,-5.038305336920709193e-10
7.997548774387194248e-01,9.574390905680072450e-01,2.665628818726381266e-10
8.012506253126563394e-01,9.573312533018187853e-01,-7.135670944237213331e-09
8.027463731865933649e-01,9.572237089303325952e-01,-5.596137108975745903e-09
8.042421210605302795e-01,9.571164573574830747e-01,-5.121203683767384909e-09
8.057378689344673051e-01,9.570095101827166273e-01,1.130334070796936882e-08
8.072336168084042196e-01,9.569028556126480956e-01,6.405517672373800100e-09
8.087293646823412452e-01,9.567965052446626428e-01,-2.954401833710497450e-09
8.102251125562781597e-01,9.566904706712182627e-01,5.721778584859088199e-11
8.117208604302151853e-01,9.565847517898425911e-01,5.064736852684916450e-09
8.132166083041520999e-01,9.564793484983765692e-01,1.595388153293382012e-09
8.147123561780891254e-01,9.563742723824328884e-01,6.296106969428074536e-09
8.162081040520260400e-01,9.562695233366280689e-01,8.549857821578514854e-09
8.177038519259630656e-01,9.561651012559132523e-01,-2.360482697890233799e-09
8.191995997998999801e-01,9.560610177191961601e-01,-9.981383720547178058e-09
8.206953476738370057e-01,9.559572843006355347e-01,2.110808195868433761e-09
8.221910955477739202e-01,9.558538892075203464e-01,-4.306667244078943496e-09
8.236868434217109458e-01,9.557508440122082227e-01,-1.298050222765679275e-08
8.251825912956478604e-01,9.556481602823848620e-01,-7.688857328544247069e-09
8.266783391695848859e-01,9.555458379037992112e-01,3.946174501162949166e-10
8.281740870435218005e-01,9.554438767626107776e-01,-1.066280476673216953e-11
8.296698349174588261e-01,9.553422884201955290e-01,7.108251432235496237e-09
8.311655827913957406e-01,9.552410727598118489e-01,1.031015550755775994e-08
8.326613306653326552e-01,9.551402296651531065e-01,-1.956356854355852335e-09
8.341570785392696807e-01,9.550397823625453864e-01,1.356404688592753519e-08
8.356528264132065953e-01,9.549397073894562160e-01,-9.745218189013556494e-09
8.371485742871436209e-01,9.548400396368565968e-01,-1.279529149652041268e-09
8.386443221610805354e-01,9.547407673118305516e-01,-3.851143870998790163e-10
8.401400700350175610e-01,9.546419019592642385e-01,8.472662016912757107e-09
8.416358179089544755e-01,9.545434434546962166e-01,1.323341836045376494e-08
8.431315657828915011e-01,9.544453916741876265e-01,1.718666319549960979e-09
8.446273136568284157e-01,9.543477581569251855e-01,-1.077175526656695133e-08
8.461230615307654412e-01,9.542505544378478977e-01,-8.977755204980471782e-09
8.476188094047023558e-01,9.541537803874723389e-01,-5.317791984917227499e-09
8.491145572786393814e-01,9.540574358768945107e-01,-1.233293400592897665e-08
8.506103051525762959e-01,9.539615440935241830e-01,1.267151372869287026e-08
8.521060530265133215e-01,9.538660815892064937e-01,1.628060574982881536e-09
8.536018009004502360e-01,9.537710715478654455e-01,-2.937285303969753960e-09
8.550975487743872616e-01,9.536765196631747932e-01,-7.280531631766479670e-11
8.565932966483241762e-01,9.535824258005373144e-01,-2.795522479278207330e-09
8.580890445222612017e-01,9.534887956520475827e-01,-1.035999575120799067e-08
8.595847923961981163e-01,9.533956407336326988e-01,-8.205896408026058266e-09
8.610805402701351419e-01,9.533029609075681643e-01,-9.648654985974400096e-09
8.625762881440720564e-01,9.532107676854874034e-01,-2.868780773470030849e-10
8.640720360180090820e-01,9.531190609277121473e-01,6.359625493491655365e-09
8.655677838919459965e-01,9.530278404953080873e-01,-3.365992819105893884e-09
8.670635317658830221e-01,9.529371295406577902e-01,1.257599946303488438e-08
8.685592796398199367e-01,9.528469162754991117e-01,1.244371017234868957e-08
8.700550275137569622e-01,9.527572122029395185e-01,1.018965134405857123e-08
8.715507753876938768e-01,9.526680171805085307e-01,-8.271858087898798272e-09
8.730465232616309024e-01,9.525793543483299652e-01,-1.153761533122449593e-09
8.745422711355678169e-01,9.524912119192702198e-01,-1.072627231416749823e-08
8.760380190095048425e-01,9.524036130275748135e-01,4.665997255737707888e-09
8.775337668834417570e-01,9.523165458868152466e-01,2.480291307035181371e-09
8.790295147573787826e-01,9.522300219889312523e-01,-3.865920250301717336e-09
8.805252626313156972e-01,9.521440528225301181e-01,-1.012999906795460875e-09
8.820210105052527227e-01,9.520586382384662594e-01,-3.809614621448236858e-09
8.835167583791896373e-01,9.519737897220056366e-01,9.144736082836439660e-10
8.850125062531266629e-01,9.518895071228360427e-01,-1.929138847837660403e-09
8.865082541270635774e-01,9.518058019230317690e-01,6.354160532832946556e-10
8.880040020010004920e-01,9.517226739712371097e-01,-6.725736191870138490e-09
8.894997498749375175e-01,9.516401347464835681e-01,-1.123622928264964260e-08
8.909954977488744321e-01,9.515581957248264722e-01,-1.840689803352665095e-10
8.924912456228114577e-01,9.514768567520868192e-01,1.075532141274390276e-08
8.939869934967483722e-01,9.513961176752204763e-01,5.739670404866008669e-09
8.954827413706853978e-01,9.513159899676656428e-01,-2.869288803090363058e-09
8.969784892446223123e-01,9.512364851000857380e-01,-2.778686168665448871e-09
8.984742371185593379e-01,9.511576029170465407e-01,-1.019002726576315759e-08
8.999699849924962525e-01,9.510793548867697567e-01,-1.302831109894080763e-08
9.014657328664332780e-01,9.510017524748822781e-01,7.094775883162254023e-10
9.029614807403701926e-01,9.509247839034358218e-01,-1.405334049228995988e-08
9.044572286143072182e-01,9.508484838779033277e-01,1.144093475383547228e-08
9.059529764882441327e-01,9.507728290005800220e-01,3.303298301433090239e-09
9.074487243621811583e-01,9.506978423534737654e-01,1.581839881969211263e-09
9.089444722361180728e-01,9.506235237789613102e-01,-1.086788525898119035e-08
9.104402201100550984e-01,9.505498963526398670e-01,5.898626254423969924e-09
9.119359679839920130e-01,9.504769482993129515e-01,5.857187180721205092e-09
9.134317158579290385e-01,9.504046910770778123e-01,6.896150464895785703e-11
9.149274637318659531e-01,9.503331361419657952e-01,-4.883553537263462168e-10
9.164232116058029787e-01,9.502622833356662024e-01,-1.367149615834552178e-08
9.179189594797398932e-01,9.501921557244100702e-01,2.101041591309610249e-11
9.194147073536769188e-01,9.501227415372370810e-01,-6.303647825213802584e-09
9.209104552276138334e-01,9.500540638375948310e-01,6.651937224894114296e-09
9.224062031015508589e-01,9.499861108569938040e-01,-8.384045680830486856e-09
9.239019509754877735e-01,9.499189056563244193e-01,-1.232504520668397573e-08
9.253976988494247991e-01,9.498524596842848888e-01,5.015911351881892883e-09
9.268934467233617136e-01,9.497867611751308337e-01,-4.174330436560101070e-09
9.283891945972987392e-01,9.497218331851855488e-01,-1.093071631345085480e-09
9.298849424712356537e-01,9.496576755564287708e-01,-4.942047659157808363e-09
9.313806903451726793e-01,9.495942997368220784e-01,-6.098815675967016430e-09
9.328764382191095939e-01,9.495317171731103567e-01,4.958526921455705704e-09
9.343721860930466194e-01,9.494699277083549216e-01,8.545229525000872390e-09
9.358679339669835340e-01,9.494089427894153443e-01,1.388549175547159495e-08
9.373636818409205596e-01,9.493487622611000987e-01,9.308244200107357083e-10
9.388594297148574741e-01,9.492894091709235260e-01,7.797351097997997617e-09
9.403551775887943887e-01,9.492308833634514054e-01,1.415785521993666770e-08
9.418509254627314142e-01,9.491731846854118970e-01,-5.520159879305419102e-10
9.433466733366683288e-01,9.491163361820657007e-01,1.451401666610752931e-09
9.448424212106053544e-01,9.490603377003165031e-01,-6.872393775164339745e-10
9.463381690845422689e-01,9.490052006861584566e-01,1.290620056208084435e-09
9.478339169584792945e-01,9.489509249890525355e-01,-1.386679060091880951e-08
9.493296648324162090e-01,9.488975336517423420e-01,-8.811942956345352711e-09
9.508254127063532346e-01,9.488450265244839921e-01,-5.104096253501521529e-09
9.523211605802901492e-01,9.487934150541809109e-01,4.933111583900165423e-09
9.538169084542271747e-01,9.487426990941512095e-01,-6.761491358166724824e-10
9.553126563281640893e-01,9.486928900931744790e-01,-1.461073462100430683e-08
9.568084042021011149e-01,9.486440110924564406e-01,-8.447509264690108213e-11
9.583041520760380294e-01,9.485960503558911183e-01,-9.194637718648524792e-09
9.597998999499750550e-01,9.485490309258375330e-01,-5.455417894232104246e-09
9.612956478239119695e-01,9.485029526616305384e-01,-1.177783737526963309e-08
9.627913956978489951e-01,9.484578386053964527e-01,8.119241056681653657e-09
9.642871435717859097e-01,9.484136770293429830e-01,1.204224942076510666e-09
9.657828914457229352e-01,9.483704909774774983e-01,3.438919482714570725e-09
9.672786393196598498e-01,9.483282803157244700e-01,-8.904150970400101148e-09
9.687743871935968754e-01,9.482870680887397485e-01,-8.431122749461831626e-11
9.702701350675337899e-01,9.482468541654683891e-01,5.800841698387475216e-09
9.717658829414708155e-01,9.482076500048741696e-01,1.430879248129324194e-08
9.732616308154077300e-01,9.481694554807817976e-01,8.496839916695381244e-10
9.747573786893447556e-01,9.481322936420821801e-01,5.859845926001274347e-10
9.762531265632816702e-01,9.480961643663500249e-01,-1.146529049649540983e-08
9.777488744372186957e-01,9.480610907045824431e-01,-3.886604388301293946e-10
9.792446223111556103e-01,9.480270725385545605e-01,8.429349664170830131e-09
9.807403701850926359e-01,9.479941097535659056e-01,-1.072029265029248860e-08
9.822361180590295504e-01,9.479622369897746648e-01,6.797360008183849722e-09
9.837318659329665760e-01,9.479314425526735866e-01,4.704933109417224586e-09
9.852276138069034905e-01,9.479017379190307624e-01,-1.316138265052635644e-08
9.867233616808405161e-01,9.478731461505037759e-01,-1.280170081169721233e-08
9.882191095547774307e-01,9.478456787274398554e-01,9.378853030286300224e-09
9.897148574287144562e-01,9.478193239688488259e-01,-4.059750318725774532e-09
9.912106053026513708e-01,9.477941165255824307e-01,1.079285183715181815e-08
9.927063531765883964e-01,9.477700447234191916e-01,-4.047270739762461244e-09
9.942021010505253109e-01,9.477471432176236554e-01,1.510954761133935483e-08
9.956978489244622255e-01,9.477254003411855754e-01,9.720940494991058145e-09
9.971935967983992510e-01,9.477048391739597566e-01,1.261103988382465092e-08
9.986893446723361656e-01,9.476854596375828832e-01,-4.786628204275583974e-09
1.000185092546273191e+00,9.476672848181233455e-01,-9.975386740373938759e-09
1.001680840420209995e+00,9.476503262245368209e-01,-1.261517781773072229e-09
1.003176588294147020e+00,9.476345837899818880e-01,-7.974529924899273951e-09
1.004672336168084046e+00,9.476200806110680608e-01,1.869267407953208927e-09
1.006168084042021071e+00,9.476068166292840322e-01,-1.587682654344050923e-09
1.007663831915957875e+00,9.475948149490706074e-01,1.328017795867556468e-08
1.009159579789894901e+00,9.475840639418906530e-01,-1.491837498160732019e-08
1.010655327663831926e+00,9.475746098785963190e-01,7.004077316079103229e-09
1.012151075537768952e+00,9.475664295612931110e-01,-1.394074521837553150e-08
1.013646823411705977e+00,9.475595692694886996e-01,1.523298776402427162e-08
1.015142571285642781e+00,9.475540058157392309e-01,7.734957116318411131e-10
1.016638319159579806e+00,9.475497739106270023e-01,4.230055860791026134e-09
1.018134067033516832e+00,9.475468735344404481e-01,-6.535152862466509527e-09
1.019629814907453857e+00,9.475453278297071291e-01,-1.470297208500918318e-09
1.021125562781390661e+00,9.475451367878604536e-01,-1.332850540878235782e-08
1.022621310655327687e+00,9.475463235627273884e-01,-1.248960002285619598e-08
1.024117058529264712e+00,9.475488997357877086e-01,-8.746015033953186666e-10
1.025612806403201738e+00,9.475528653163360904e-01,-1.219639034459202055e-08
1.027108554277138541e+00,9.475582550549371819e-01,1.405400607227260306e-08
1.028604302151075567e+00,9.475650573953008360e-01,1.203122346276422032e-08
1.030100050025012592e+00,9.475732955228125531e-01,1.020211715244539843e-08
1.031595797898949618e+00,9.475829810513795026e-01,5.221590379711563770e-09
1.033091545772886422e+00,9.475941256019267955e-01,-6.555558763353598561e-09
1.034587293646823447e+00,9.476067523814644122e-01,2.746695427402590991e-09
1.036083041520760473e+00,9.476208614469234792e-01,-2.853947966111466031e-09
1.037578789394697498e+00,9.476364760206240634e-01,3.998749885885500025e-09
1.039074537268634302e+00,9.476535961745887748e-01,-1.342073008179725025e-08
1.040570285142571327e+00,9.476722567268671682e-01,3.744967889389254972e-09
1.042066033016508353e+00,9.476924461860972704e-01,-1.393093196732462108e-08
1.043561780890445378e+00,9.477141993877873372e-01,-8.042857045007253180e-09
1.045057528764382182e+00,9.477375280173769845e-01,1.549749017548610599e-08
1.046553276638319208e+00,9.477624206079223734e-01,-1.410157879763715119e-08
1.048049024512256233e+00,9.477889236038327114e-01,-6.828849038229995112e-09
1.049544772386193037e+00,9.478170371374354808e-01,-1.871800490503145842e-09
1.051040520260130062e+00,9.478467729308809320e-01,-6.577604457536131421e-09
1.052536268134067088e+00,9.478781542979811681e-01,3.828019012056165568e-09
1.054032016008004113e+00,9.479111813992645574e-01,-1.114065972857375586e-08
1.055527763881940917e+00,9.479458891521229669e-01,5.253288917051761113e-09
1.057023511755877943e+00,9.479822777381058385e-01,1.180008480275796444e-08
1.058519259629814968e+00,9.480203589313360713e-01,-6.160445518201102052e-10
1.060015007503751994e+00,9.480601561008581424e-01,-8.723180176714125556e-09
1.061510755377688797e+00,9.481016926287150204e-01,1.057892806533685106e-08
1.063006503251625823e+00,9.481449687401879434e-01,1.436812613415383140e-08
1.064502251125562848e+00,9.481899962557530648e-01,-7.973681714588432153e-09
1.065997998999499874e+00,9.482368101800272564e-01,-1.405231267588153699e-09
1.067493746873436677e+00,9.482854107740333882e-01,-1.016790473966417215e-08
1.068989494747373703e+00,9.483358214835656552e-01,-1.285631513015072568e-08
1.070485242621310729e+00,9.483880657694915284e-01,1.173041408368741711e-08
1.071980990495247754e+00,9.484421323424225836e-01,-1.535219085632530742e-08
1.073476738369184558e+00,9.484980678672025878e-01,-7.166987892251599886e-09
1.074972486243121583e+00,9.485558726704615973e-01,-1.025101071099287172e-08
1.076468234117058609e+00,9.486155702711652760e-01,-4.880498447312015153e-09
1.077963981990995634e+00,9.486771726138425453e-01,-5.151331132624952729e-09
1.079459729864932438e+00,9.487407032495137615e-01,7.975862304292161316e-09
1.080955477738869464e+00,9.488061625611311500e-01,-1.415591332936552220e-08
1.082451225612806489e+00,9.488735973182093053e-01,1.415441652120158471e-08
1.083946973486743515e+00,9.489429963426823100e-01,9.582291075745611439e-09
1.085442721360680318e+00,9.490143832515270939e-01,-1.051242758929728285e-08
1.086938469234617344e+00,9.490877932771920600e-01,4.960286181613883124e-09
1.088434217108554369e+00,9.491632268840336506e-01,4.841449467553744015e-09
1.089929964982491395e+00,9.492407077454761977e-01,5.407220116036468539e-09
1.091425712856428198e+00,9.493202479565043816e-01,-1.160542839658517304e-08
1.092921460730365224e+00,9.494018828292307699e-01,3.549257003668302494e-09
1.094417208604302250e+00,9.494856128982805954e-01,-2.561842075124117371e-09
1.095912956478239275e+00,9.495714619161538250e-01,-1.538420590963714228e-08
1.097408704352176079e+00,9.496594652607204257e-01,1.384131164895670910e-08
1.098904452226113104e+00,9.497496119205133258e-01,-4.650684727200036319e-09
1.100400200100050130e+00,9.498419489204434907e-01,1.158211249468062999e-08
1.101895947973987155e+00,9.499364768926660263e-01,6.118657690608860653e-09
1.103391695847923959e+00,9.500332196995190381e-01,-8.754197144402822150e-09
1.104887443721860985e+00,9.501322128367112319e-01,1.380985014850656871e-08
1.106383191595798010e+00,9.502334570003335701e-01,1.549619887947808986e-08
1.107878939469734814e+00,9.503369761247545400e-01,7.146560674466638478e-09
1.109374687343671839e+00,9.504427941705214655e-01,-8.194414019925105366e-10
1.110870435217608865e+00,9.505509351249273875e-01,1.585842562707685164e-09
1.112366183091545890e+00,9.506614113875605510e-01,-1.146695560548461290e-08
1.113861930965482694e+00,9.507742586132155171e-01,4.313662984810683309e-09
1.115357678839419719e+00,9.508894776372910362e-01,-1.354946710746638476e-08
1.116853426713356745e+00,9.510071157895585436e-01,1.383855896769466541e-08
1.118349174587293771e+00,9.511271623376895690e-01,-1.306078400911713765e-08
1.119844922461230574e+00,9.512496646722341520e-01,-1.626593526136244893e-08
1.121340670335167600e+00,9.513746469789963189e-01,1.058405829760291933e-08
1.122836418209104625e+00,9.515021102249180407e-01,1.297654319234710874e-09
1.124332166083041651e+00,9.516320902762739342e-01,-3.302374372224736037e-09
1.125827913956978454e+00,9.517646114096730559e-01,1.218217970969178378e-09
1.127323661830915480e+00,9.518996863048712065e-01,-1.758417922090166430e-08
1.128819409704852506e+00,9.520373625631232128e-01,1.605147903437213023e-08
1.130315157578789531e+00,9.521776296673746254e-01,-4.417775693096767397e-09
1.131810905452726335e+00,9.523205352895052211e-01,-4.375131154946559834e-09
1.133306653326663360e+00,9.524661038773336585e-01,1.755567058391540952e-08
1.134802401200600386e+00,9.526143366380730448e-01,-1.151131790677625206e-08
1.136298149074537411e+00,9.527652813622208283e-01,-1.835186713501470767e-08
1.137793896948474215e+00,9.529189626081231435e-01,-3.632079974866902220e-09
1.139289644822411240e+00,9.530753933284328294e-01,-5.850705697967785388e-09
1.140785392696348266e+00,9.532346097988079192e-01,9.774584595611434399e-09
1.142281140570285292e+00,9.533966250465385484e-01,3.031369933178638316e-09
1.143776888444222095e+00,9.535614754308917584e-01,7.373531899443041984e-09
1.145272636318159121e+00,9.537291857082667024e-01,1.833751117602173954e-08
1.146768384192096146e+00,9.538997690229756854e-01,-7.031737644687342801e-09
1.148264132066033172e+00,9.540732735212701376e-01,3.491061843762459622e-10
1.149759879939969975e+00,9.542497124352585791e-01,-4.084207860972572787e-09
1.151255627813907001e+00,9.544291223529934864e-01,9.772326946312048907e-09
1.152751375687844027e+00,9.546115165912144596e-01,-4.694123974233227503e-09
1.154247123561781052e+00,9.547969318326515742e-01,-1.901799695012612203e-08
1.155742871435717856e+00,9.549854048153423314e-01,-5.231977305796556163e-09
1.157238619309654881e+00,9.551769489953541026e-01,-1.287375139537424405e-08
1.158734367183591907e+00,9.553716012106415745e-01,-1.576482721211852062e-08
1.160230115057528710e+00,9.555693983574603534e-01,1.170877350658618550e-08
1.161725862931465736e+00,9.557703540388551300e-01,1.683175376911487492e-08
1.163221610805402761e+00,9.559744935776053332e-01,-1.574254860306134494e-08
1.164717358679339787e+00,9.561818773917382108e-01,1.487605139418102444e-08
1.166213106553276591e+00,9.563925075628597616e-01,1.363745338572239500e-08
1.167708854427213616e+00,9.566064212648265341e-01,1.408582137789777259e-09
1.169204602301150642e+00,9.568236557360653149e-01,-1.670073636493789715e-09
1.170700350175087667e+00,9.570442365891468350e-01,-1.588255238587457775e-08
1.172196098049024471e+00,9.572682128816167868e-01,1.677876005421049292e-08
1.173691845922961496e+00,9.574955869617041149e-01,-5.745258487965350930e-09
1.175187593796898522e+00,9.577264197131928336e-01,1.242446778087342315e-08
1.176683341670835548e+00,9.579607253018906921e-01,6.461753249557382423e-09
1.178179089544772351e+00,9.581985413537286167e-01,-9.760051211494141957e-09
1.179674837418709377e+00,9.584399172759067165e-01,1.721216337091999045e-08
1.181170585292646402e+00,9.586848674273493742e-01,1.837033570686010117e-08
1.182666333166583428e+00,9.589334296475224839e-01,4.149265160716659802e-09
1.184162081040520231e+00,9.591856418524815631e-01,-1.609767452169503511e-08
1.185657828914457257e+00,9.594415537567809737e-01,7.018260747318211746e-09
1.187153576788394282e+00,9.597011799959195288e-01,-1.589392841040565567e-09
1.188649324662331308e+00,9.599645704414594416e-01,4.938063622557909842e-09
1.190145072536268112e+00,9.602317515997076391e-01,-1.043828890177497740e-08
1.191640820410205137e+00,9.605027735141309364e-01,-3.107588636805099421e-09
1.193136568284142163e+00,9.607776628530527718e-01,-1.311036479237132689e-08
1.194632316158079188e+00,9.610564698378485371e-01,1.719947520500449395e-09
1.196128064032015992e+00,9.613392213045561796e-01,-1.884546522241912865e-09
1.197623811905953017e+00,9.616259676585964256e-01,1.558116291950200353e-08
1.199119559779890043e+00,9.619167359095464054e-01,7.373194278582448478e-09
1.200615307653827069e+00,9.622115766531458281e-01,1.009445426965456671e-08
1.202111055527763872e+00,9.625105288359653288e-01,1.630018664719251375e-08
1.203606803401700898e+00,9.628136315003230639e-01,1.675087202763525836e-08
1.205102551275637923e+00,9.631209237858702199e-01,3.357265696502768881e-10
1.206598299149574949e+00,9.634324566998144768e-01,-2.386232995101438133e-09
1.208094047023511752e+00,9.637482695927812593e-01,-5.924031258540363391e-09
1.209589794897448778e+00,9.640684136941947147e-01,1.712390107292024244e-08
1.211085542771385803e+00,9.643929167929699009e-01,4.327377226672163337e-09
1.212581290645322829e+00,9.647218303366048575e-01,-2.099468955001561704e-08
1.214077038519259633e+00,9.650552176844590102e-01,7.548362379978120279e-09
1.215572786393196658e+00,9.653931069614305471e-01,2.100664064528891478e-08
1.217068534267133684e+00,9.657355381842235298e-01,-7.937300155264760506e-09
1.218564282141070487e+00,9.660825750840955628e-01,-1.873636690275776654e-08
1.220060030015007513e+00,9.664342697367344082e-01,2.598251050822705691e-09
1.221555777888944538e+00,9.667906625436464285e-01,2.229782545888820490e-08
1.223051525762881564e+00,9.671517940261862289e-01,3.545030274200789046e-09
1.224547273636818367e+00,9.675177284631392149e-01,-1.262945090678928457e-09
1.226043021510755393e+00,9.678885184703909239e-01,1.238604863971517606e-08
1.227538769384692419e+00,9.682642049812850704e-01,-1.854243470382827717e-10
1.229034517258629444e+00,9.686448527205133718e-01,6.596135528878258380e-09
1.230530265132566248e+00,9.690305029082222354e-01,-1.786902538974445352e-08
1.232026013006503273e+00,9.694212324200851549e-01,1.420927862574141020e-08
1.233521760880440299e+00,9.698170709418728608e-01,-1.242558283631123216e-09
1.235017508754377324e+00,9.702180956798578393e-01,1.824521079182139392e-08
1.236513256628314128e+00,9.706243484731019722e-01,9.093047646496885372e-09
1.238009004502251154e+00,9.710358950242897746e-01,5.507439081232521570e-11
1.239504752376188179e+00,9.714528012215701835e-01,1.716263476304409705e-08
1.241000500250125205e+00,9.718751094011203184e-01,-1.464186592162610933e-08
1.242496248124062008e+00,9.723029095523889609e-01,2.172325853200385617e-08
1.243991995997999034e+00,9.727362324977543162e-01,-6.061760643732300880e-09
1.245487743871936059e+00,9.731751686257986700e-01,1.251098501808485373e-08
1.246983491745873085e+00,9.736197610040289163e-01,-1.461502983308884916e-08
1.248479239619809888e+00,9.740701004502032578e-01,1.645963655676429818e-08
1.249974987493746914e+00,9.745262304256928632e-01,4.081943231213552732e-09
1.251470735367683940e+00,9.749882302847432403e-01,-6.768075884352257436e-09
1.252966483241620965e+00,9.754561796208374158e-01,2.528725320317962407e-08
1.254462231115557769e+00,9.759301254930553560e-01,-5.151322262132096998e-09
1.255957978989494794e+00,9.764101628455215121e-01,-2.257189553942003655e-09
1.257453726863431820e+00,9.768963600588916885e-01,8.462795547435066367e-09
1.258949474737368845e+00,9.773887857471439400e-01,-4.876140615419055516e-09
1.260445222611305649e+00,9.778875266760611584e-01,-8.603009397647110252e-10
1.261940970485242675e+00,9.783926579405143320e-01,3.083522893105418794e-09
1.263436718359179700e+00,9.789042608716853611e-01,9.611047521829778866e-09
1.264932466233116726e+00,9.794224110958656970e-01,-1.268553349497030059e-08
1.266428214107053529e+00,9.799472084431807284e-01,6.708582913466758559e-09
1.267923961980990555e+00,9.804787231326159702e-01,-5.704829032400052199e-09
1.269419709854927580e+00,9.810170556006576614e-01,6.059954867865840444e-09
1.270915457728864384e+00,9.815622886390085178e-01,6.893528412456818677e-09
1.272411205602801409e+00,9.821145173360171787e-01,8.518677097285778563e-09
1.273906953476738435e+00,9.826738371152455853e-01,1.371750391467083216e-08
1.275402701350675461e+00,9.832403377380951603e-01,-1.336284061771782401e-08
1.276898449224612264e+00,9.838141333290963964e-01,-3.767084850006684941e-09
1.278394197098549290e+00,9.843953173718169580e-01,-1.637999968373840697e-11
1.279889944972486315e+00,9.849839927260449768e-01,-1.342201084948310178e-08
1.281385692846423341e+00,9.855802776792798037e-01,6.558743426275705127e-09
1.282881440720360144e+00,9.861842698705847177e-01,-6.593603224049787700e-09
1.284377188594297170e+00,9.867960914236292291e-01,-1.421491949277512764e-08
1.285872936468234196e+00,9.874158649129408660e-01,8.682190957106139974e-09
1.287368684342171221e+00,9.880437013075954455e-01,9.748530634732471258e-09
1.288864432216108025e+00,9.886797301249811154e-01,1.129554716320980086e-08
1.290360180090045050e+00,9.893240753358659711e-01,-1.380855960503187533e-08
1.291855927963982076e+00,9.899768855768101838e-01,1.419650876110393134e-08
1.293351675837919101e+00,9.906382798044498506e-01,-5.002092073739070567e-09
1.294847423711855905e+00,9.913084137830168174e-01,-3.117454519294448539e-09
1.296343171585792931e+00,9.919874317649186590e-01,-3.263322559283290999e-10
1.297838919459729956e+00,9.926754846442122915e-01,-1.172085783249301157e-08
1.299334667333666982e+00,9.933727360547407459e-01,-1.526949898252424406e-08
1.300830415207603785e+00,9.940793563566817648e-01,1.377012315441302571e-08
1.302326163081540811e+00,9.947955044521958889e-01,-3.714428970324044827e-09
1.303821910955477836e+00,9.955213703015870497e-01,-1.427316775915227159e-08
1.305317658829414862e+00,9.962571446374834938e-01,-4.806989736644849394e-09
1.306813406703351665e+00,9.970030189824856670e-01,-9.108515080683570787e-09
1.308309154577288691e+00,9.977592039411320446e-01,-5.821179308461786079e-09
1.309804902451225717e+00,9.985259170959133179e-01,6.026133135479372010e-09
1.311300650325162742e+00,9.993033830514788107e-01,-4.477192004890940437e-10
1.312796398199099546e+00,1.000091845691033043e+00,-1.262055261397374636e-08
1.314292146073036571e+00,1.000891568271801590e+00,1.647970424145988480e-08
1.315787893946973597e+00,1.001702809063837796e+00,3.398162729519940087e-09
1.317283641820910622e+00,1.002525864193725580e+00,-7.090674489245335235e-09
1.318779389694847426e+00,1.003361043323961699e+00,-8.190264464871110931e-09
1.320275137568784452e+00,1.004208675867778622e+00,-9.431107458970612163e-09
1.321770885442721477e+00,1.005069117238312160e+00,-1.606579314000373320e-08
1.323266633316658281e+00,1.005942755133911959e+00,-1.036942645035132629e-08
1.324762381190595306e+00,1.006830009715602658e+00,1.966319008681005737e-08
1.326258129064532332e+00,1.007731327640758012e+00,-4.616333325620707798e-09
1.327753876938469357e+00,1.008647225326563035e+00,1.049968645234191857e-08
1.329249624812406161e+00,1.009578252344339733e+00,2.303253487065237549e-09
1.330745372686343186e+00,1.010525034811821543e+00,-1.397997584697969544e-08
1.332241120560280212e+00,1.011488281995429617e+00,-1.506174286240980963e-09
1.333736868434217238e+00,1.012468792969235531e+00,-8.662236499532488460e-09
1.335232616308154041e+00,1.013467506635275406e+00,1.254524685411450484e-08
1.336728364182091067e+00,1.014485514914747588e+00,-8.096463930015334594e-09
1.338224112056028092e+00,1.015524150437159934e+00,-4.847554812873120039e-09
1.339719859929965118e+00,1.016585050000793133e+00,-6.300288066651559491e-09
1.341215607803901921e+00,1.017670317888427878e+00,-1.752175047971634806e-08
1.342711355677838947e+00,1.018782796045253347e+00,-2.086672744983807524e-08
1.344207103551775973e+00,1.019926616325029345e+00,-1.558811746465178127e-09
1.345702851425712998e+00,1.021108585590118745e+00,-6.414933453738550476e-09
1.347198599299649802e+00,1.022343405463198129e+00,-2.373322450203167744e-09
1.348694347173586827e+00,1.023631349148407921e+00,2.471220034950176765e-09
1.350190095047523853e+00,1.024751438126648706e+00,-5.061884502803058345e-09
1.351685842921460878e+00,1.025747767446895775e+00,3.665380560026057870e-09
1.353181590795397682e+00,1.026631815690016714e+00,1.561119769581314769e-08
1.354677338669334707e+00,1.027400506106460609e+00,-7.211111482762593311e-09
1.356173086543271733e+00,1.028043509579564585e+00,-4.645439615454949832e-09
1.357668834417208759e+00,1.028543778668677744e+00,-5.892559332536243996e-09
1.359164582291145562e+00,1.028875885827293724e+00,-9.661578026759859673e-10
1.360660330165082588e+00,1.029002012199095484e+00,-8.951670505530976789e-09
1.362156078039019613e+00,9.793074768553200471e-01,-2.676170716089405814e-09
1.363651825912956639e+00,9.850093334422834745e-01,2.054007673722716612e-09
1.365147573786893442e+00,9.912556987043825707e-01,-2.855717771775884326e-09
1.366643321660830468e+00,9.984812398943384570e-01,1.581411447279475208e-09
1.368139069534767494e+00,1.008674701824160413e+00,-7.762893970737942264e-10
